nombre,precio,enlace
Audifonos Gamer Auriculares Bluetooth Thinkplus XT92 Negro,$ 54.900,https://www.falabella.com.co/falabella-co/product/142760534/Audifonos-Gamer-Auriculares-Bluetooth-Lenovo-Thinkplus-XT92-Negro
Auriculares Gaming Audifonos Gamer RGB GH-711,$ 79.900,https://www.falabella.com.co/falabella-co/product/125977815/Auriculares-Gaming-Audifonos-Gamer-RGB-Xtrike-Me-GH-711
Audifonos Auriculares Tws Bluetooth Inalambrico XT90 NEGRO,$ 59.900,https://www.falabella.com.co/falabella-co/product/120221269/Audifonos-Lenovo-Auriculares-Tws-Bluetooth-Inalambrico-XT90-NEGRO
Auriculares Inalámbricos Con Bluetooth He05,$ 49.900,https://www.falabella.com.co/falabella-co/product/143733946/Auriculares-Inalambricos-Con-Bluetooth-Lenovo-He05
Audifonos Deportivos Auriculares Inalambricos Bluetooth LP75,$ 94.900,https://www.falabella.com.co/falabella-co/product/133445558/Audifonos-Deportivos-Auriculares-Inalambricos-Bluetooth-Lenovo-LP75
Auriculares inalámbricos Redmi Buds 6 Active Azul,$ 81.900,https://www.falabella.com.co/falabella-co/product/142746762/Auriculares-inalambricos-Xiaomi-Redmi-Buds-6-Active-Azul
Audifonos Deportivos Auriculares Inalambricos Bluetooth LP75,$ 94.900,https://www.falabella.com.co/falabella-co/product/133445558/Audifonos-Deportivos-Auriculares-Inalambricos-Bluetooth-Lenovo-LP75
Audifonos Natacion Conduccion Osea Sumergible Nadar Ip68 Mp3,$ 198.900,https://www.falabella.com.co/falabella-co/product/137993474/Audifonos-Natacion-Conduccion-Osea-Sumergible-Nadar-Ip68-Mp3
"-Auriculares inalámbricos XT90 con BLUTOOTH 5,0",$ 90.900,"https://www.falabella.com.co/falabella-co/product/139589944/LENOVO-Auriculares-inalambricos-XT90-con-BLUTOOTH-5,0"
Auriculares Inalámbricos Wave Flex Bluetooth Tws Color Negro,$ 231.900,https://www.falabella.com.co/falabella-co/product/139559325/Auriculares-Inalambricos-Jbl-Wave-Flex-Bluetooth-Tws-Color-Negro
Auriculares Inalámbricos Bluetooth De Conducción Ósea,$ 43.900,https://www.falabella.com.co/falabella-co/product/142179328/Auriculares-Inalambricos-Bluetooth-De-Conduccion-Osea
Audifonos Auriculares inalambricos Bluetooth HD200,$ 94.900,https://www.falabella.com.co/falabella-co/product/127143135/Audifonos-Auriculares-inalambricos-Bluetooth-Lenovo-HD200
Audífonos Bluetooth 5.3 Auriculares Inalámbricos Con Micrófono,$ 149.900,https://www.falabella.com.co/falabella-co/product/138148017/Audifonos-Lenovo-Bluetooth-5.3-Auriculares-Inalambricos-Con-Microfono
Auriculares Inalámbricos He05 Pro Con Bluetooth Cuello,$ 109.990,https://www.falabella.com.co/falabella-co/product/140159276/Auriculares-Inalambricos-He05-Pro-Lenovo-Con-Bluetooth-Cuello
TC3302 Auriculares Inalámbricos Bluetooth 5.3 6h Batería,$ 99.190,https://www.falabella.com.co/falabella-co/product/142530627/Lenovo-TC3302-Auriculares-Inalambricos-Bluetooth-5.3-6h-Bateria
TC3302 Auriculares Inalámbricos Bluetooth 5.3 6h Batería,$ 99.190,https://www.falabella.com.co/falabella-co/product/142530904/Lenovo-TC3302-Auriculares-Inalambricos-Bluetooth-5.3-6h-Bateria
TC3302 Auriculares Inalámbricos Bluetooth 5.3 6h Batería,$ 99.190,https://www.falabella.com.co/falabella-co/product/142530810/Lenovo-TC3302-Auriculares-Inalambricos-Bluetooth-5.3-6h-Bateria
Audifonos Bluetooth V53 Auriculares Inalámbricos TWS LP6 Pro,$ 94.900,https://www.falabella.com.co/falabella-co/product/142763527/Audifonos-Bluetooth-V53-Auriculares-Inalambricos-TWS-Lenovo-LP6-Pro
Auriculares Inalámbricos De Oído Abierto Clearfit,$ 189.900,https://www.falabella.com.co/falabella-co/product/142484785/Auriculares-Inalambricos-De-Oido-Abierto-Belkin-Clearfit
Auriculares Inalámbricos De Gancho SP16 TWS Bluetooth,$ 80.000,https://www.falabella.com.co/falabella-co/product/139804610/Auriculares-Inalambricos-De-Gancho-SP16-TWS-Bluetooth
Auriculares Inalambricos Audifonos Negros,$ 59.900,https://www.falabella.com.co/falabella-co/product/122894794/Auriculares-Inalambricos-Audifonos-Negros
Auriculares inalámbricos Bluetooth 5.0,$ 99.000,https://www.falabella.com.co/falabella-co/product/142233410/Auriculares-inalambricos-Bluetooth-5.0
Auriculares Inalámbricos Sh1 Con Bluetooth,$ 59.900,https://www.falabella.com.co/falabella-co/product/124280223/Auriculares-Inalambricos-Sh1-Con-Bluetooth
Auricular inalámbricos Over-Ear P47,$ 55.000,https://www.falabella.com.co/falabella-co/product/133424773/Auricular-inalambricos-Over-Ear-P47
Auriculares inalámbricos tws f9 5.1,$ 24.900,https://www.falabella.com.co/falabella-co/product/133872875/Auriculares-inalambricos-tws-f9-5.1
Auriculares Inalámbricos K60 TWS Bluetooth,$ 60.000,https://www.falabella.com.co/falabella-co/product/140007212/Auriculares-Inalambricos-K60-TWS-Bluetooth
Auriculares Inalámbricos G9S TWS Bluetooth,$ 60.000,https://www.falabella.com.co/falabella-co/product/139804574/Auriculares-Inalambricos-G9S-TWS-Bluetooth
Auriculares Inalámbricos M22 TWS Bluetooth,$ 85.000,https://www.falabella.com.co/falabella-co/product/140007222/Auriculares-Inalambricos-M22-TWS-Bluetooth
Audifonos TWS Bluetooth Auriculares LP40-Pro,$ 47.900,https://www.falabella.com.co/falabella-co/product/125839717/Audifonos-TWS-Bluetooth-Auriculares-Lenovo-LP40-Pro
Auriculares Inalámbricos Freepods Lite Otw-330 Azul,$ 99.900,https://www.falabella.com.co/falabella-co/product/133255815/Auriculares-Inalambricos-Oraimo-Freepods-Lite-Otw-330-Azul
Auriculares Inalámbricos M45 TWS Bluetooth,$ 90.000,https://www.falabella.com.co/falabella-co/product/143335382/Auriculares-Inalambricos-M45-TWS-Bluetooth
Auriculares inalámbricos M41 con Bluetooth,$ 72.500,https://www.falabella.com.co/falabella-co/product/132314583/Auriculares-inalambricos-M41-con-Bluetooth
Auriculares Inalámbricos Pantalla LCD,$ 99.900,https://www.falabella.com.co/falabella-co/product/138412037/ldnio-Auriculares-Inalambricos-Pantalla-LCD
Auriculares inalámbricos tws f9 5.1,$ 29.900,https://www.falabella.com.co/falabella-co/product/119330747/Auriculares-inalambricos-tws-f9-5.1
Auriculares Inalámbricos 3 En 1 M6,$ 59.900,https://www.falabella.com.co/falabella-co/product/129742397/Auriculares-Inalambricos-3-En-1-M6
Auriculares Inalámbricos Deportivos Estéreo Hi-fi,$ 29.900,https://www.falabella.com.co/falabella-co/product/138078169/Auriculares-Inalambricos-Deportivos-Estereo-Hi-fi
Auriculares Inalámbricos Deportivos Estéreo Hi-fi,$ 29.900,https://www.falabella.com.co/falabella-co/product/138078130/Auriculares-Inalambricos-Deportivos-Estereo-Hi-fi
Solo 3 - Auriculares inalámbricos Bluetooth,$ 729.000,https://www.falabella.com.co/falabella-co/product/139616160/Beats-Solo-3-Auriculares-inalambricos-Bluetooth
Mini auriculares inalambricos microfono k2 tws,$ 124.900,https://www.falabella.com.co/falabella-co/product/116624704/Mini-auriculares-inalambricos-microfono-k2-tws
Auricular Inalámbrico Bluetooth M98 - Calidad Precio,$ 31.900,https://www.falabella.com.co/falabella-co/product/138348030/Auricular-Inalambrico-Bluetooth-M98-Calidad-Precio
Auriculares Inalámbricos Endurance Race Negro,$ 369.900,https://www.falabella.com.co/falabella-co/product/128236974/Auriculares-Inalambricos-JBL-Endurance-Race-Negro
Auriculares Inalámbricos T1C Color Negro,$ 75.000,https://www.falabella.com.co/falabella-co/product/142609809/Auriculares-Inalambricos-QCY-T1C-Color-Negro
Auriculares Inalámbricos Bluetooth Con Pantalla Led,$ 95.000,https://www.falabella.com.co/falabella-co/product/130351264/Auriculares-Inalambricos-Bluetooth-Con-Pantalla-Led
Auriculares Inalámbricos PRO 50 TWS Bluetooth,$ 60.000,https://www.falabella.com.co/falabella-co/product/139804493/Auriculares-Inalambricos-PRO-50-TWS-Bluetooth
Auriculares Inalámbricos PRO 80 TWS Bluetooth,$ 60.000,https://www.falabella.com.co/falabella-co/product/139804507/Auriculares-Inalambricos-PRO-80-TWS-Bluetooth
Auriculares Inalámbricos X15 Pro TWS Bluetooth,$ 60.000,https://www.falabella.com.co/falabella-co/product/139813822/Auriculares-Inalambricos-X15-Pro-TWS-Bluetooth
Auricular Inalámbrico Bluetooth F9 Táctil Led,$ 28.000,https://www.falabella.com.co/falabella-co/product/138341321/Auricular-Inalambrico-Bluetooth-F9-Tactil-Led
Auriculares Inalámbricos Plus 50 TWS Bluetooth,$ 60.000,https://www.falabella.com.co/falabella-co/product/141375562/Auriculares-Inalambricos-Plus-50-TWS-Bluetooth
Auriculares Inalámbricos PRO 90 TWS Bluetooth,$ 60.000,https://www.falabella.com.co/falabella-co/product/139804552/Auriculares-Inalambricos-PRO-90-TWS-Bluetooth
Sounfii R4 Auriculares Inalámbricos Bluetooth,$ 89.990,https://www.falabella.com.co/falabella-co/product/137520915/Tronsmart-Sounfii-R4-Auriculares-Inalambricos-Bluetooth
Audífonos De Conducción Ósea Inalámbricos Auriculares Deportivos,$ 149.900,https://www.falabella.com.co/falabella-co/product/136289678/Audifonos-De-Conduccion-Osea-Inalambricos-Auriculares-Deportivos
Auriculares Inalámbricos M10 Bluetooth +Función de Powerbank,$ 98.000,https://www.falabella.com.co/falabella-co/product/131750403/Auriculares-Inalambricos-M10-Bluetooth-+Funcion-de-Powerbank
Audifonos auriculares inalambricos con cancelación de ruido,$ 139.900,https://www.falabella.com.co/falabella-co/product/124113056/Audifonos-auriculares-inalambricos-con-cancelacion-de-ruido
Audifonos Auriculares Manos Libres HF130,$ 14.900,https://www.falabella.com.co/falabella-co/product/125826851/Audifonos-Lenovo-Auriculares-Manos-Libres-HF130
Auriculares Inalámbricos ¡Sonido Inmersivo y Atracción Magnética,$ 75.000,https://www.falabella.com.co/falabella-co/product/129772172/Auriculares-Inalambricos-Sonido-Inmersivo-y-Atraccion-Magnetica
